review_id,year_pub,journal,first_author,title,country,province,city,study_type,year_of_samples_start,year_of_samples_end,inclusion,population,Adults_or_children,median_age,age_inclusion,sample_type,screen,method_speciation,method_ESBL_confirmation,carriage_n_patients,carriage_n_patients_ESBL_total,carriage_n_patients_ESBL_esco,carriage_n_patients_ESBL_kleb,carriage_n_patients_ESBL_othe_ebacteriaecaie,Risk factors assessed,Which risk factors,Sig risk factors,invasive_n_ESCO,invasive_n_kleb,invasive_n_other,invasive_n_ESCO_ESBL,invasive_n_kleb_ESBL,invasive_n_other_ESBL,n_esco_seqq,CTXM1_esco,CTXM2_esco,CTXM3_esco,CTXM4_esco,CTXM8_esco,CTXM9_esco,CTXM14_esco,CTXM15_esco,CTXM27_esco,CTXM32_esco,CTXM55_esco,CXTM61_esco,CTXM127_esco,CTXM-1-group_esco,CTXM-2_group_esco,CTXM-8-group_esco,CTXM-9-group_esco,anyCTXM_esco,SHV-1_esco,SHV-12_esco,TEM1_esco,TEM63_esco,CMY2_esco,OXA1_esco,OXA-30_esco,SHV_group_esco,TEM_group_esco,other_esco,n_kleb_seq,CTXM1_klpn,CTXM2_klpn,CTXM9_klpn,CTXM14_klpn,CTXM15_klpn,CTXM8 group_klpn,CTXMgroup_klpn,TEM1_klpn,TEN63_klpn,OXA1_klpn,OXA30_klpn,SHV1_klpn,SHV2_klpn,SHV5_klpn,SHV11_klpn,SHV-12_klpn,SHV28_klpn,SHV33_klpn,SHV28_klpn_1,SHV83_klpn,SHV62_klpn,SHV121_klpn,SHVgroup_klpn,TEMgroup_klpn,genes_method
1,2012,Antimicrob Agents Chemother,Albrechtova,"Dogs of nomadic pastoralists in northern Kenya are reservoirs of plasmid-mediated cephalosporin- and quinolone-resistant Escherichia coli, including pandemic clone",Kenya,NA,multiple,cross_sec_survey,2009,2009,community members,community,adults,NA,NA,rectal swabs,mackonkey with cephalosporin,API,double_disc,23,4,4,NA,NA,No,NA,NA,NA,NA,NA,NA,NA,NA,NA,NA,NA,NA,NA,NA,NA,NA,NA,NA,NA,NA,NA,NA,NA,NA,NA,NA,NA,NA,NA,NA,NA,NA,NA,NA,NA,NA,NA,NA,NA,NA,NA,NA,NA,NA,NA,NA,NA,NA,NA,NA,NA,NA,NA,NA,NA,NA,NA,NA,NA,NA,NA,NA,NA
2,2010,BMC Infect Dis,Andriatahina,High prevalence of fecal carriage of extended-spectrum beta-lactamase-producing Escherichia coli and Klebsiella pneumoniae in a pediatric unit in Madagascar,Madagascar,NA,Antananarivo,cohort,2008,2008,inpatients,on_hospital_admission,children,38.3 months,< 15,rectal swab,drigalski with cephalospoin,API,double_disc,244,54,24,24,21,Yes,"age,sex, patient origin, last30days hx, admitting dx, infection on admission",prior hospitalization in the last 30 days (mv),NA,NA,NA,NA,NA,NA,NA,NA,NA,NA,NA,NA,NA,NA,NA,NA,NA,NA,NA,NA,NA,NA,NA,NA,NA,NA,NA,NA,NA,NA,NA,NA,NA,NA,NA,NA,NA,NA,NA,NA,NA,NA,NA,NA,NA,NA,NA,NA,NA,NA,NA,NA,NA,NA,NA,NA,NA,NA,NA,NA,NA
3,2015,Antimicrobial Agents and Chemotherapy,Chereau,Colonization of extended-spectrum-Î²-lactamase- and NDM-1-producing Enterobacteriaceae among pregnant women in the community in a low-income country: A potential reservoir for transmission of multiresistant Enterobacteriaceae to neonates,Madagascar,NA,Multiple,cross_sec_survey,2013,2014,pregnant women,community,adults,26 years,NA,stool,drigalski with cephalospoin,API,double_disc,356,66,NA,NA,NA,Yes,"study area, age, education, marital status, type house, electricity, type of birth attendant, toilets, water, animals, hospitalisatin, abx use","indivisual house, private inside access to drinking water ",NA,NA,NA,NA,NA,NA,NA,NA,NA,NA,NA,NA,NA,NA,NA,NA,NA,NA,NA,NA,NA,NA,NA,NA,NA,NA,NA,NA,NA,NA,NA,NA,NA,NA,NA,NA,NA,NA,NA,NA,NA,NA,NA,NA,NA,NA,NA,NA,NA,NA,NA,NA,NA,NA,NA,NA,NA,NA,NA,NA,NA
4,2018,BMC Infect Dis,Chirindze,Faecal colonization of E. coli and Klebsiella spp. producing extended-spectrum beta-lactamases and plasmid-mediated AmpC in Mozambican university students,Mozambique,NA,Maputo,cross_sec_survey,2016,2016,students,community,adults,NA,NA,stool,mackonkey with cephalosporin,API,double_disk,275,55,35,21,NA,No,NA,NA,NA,NA,NA,NA,NA,NA,NA,NA,NA,NA,NA,NA,NA,NA,NA,NA,NA,NA,NA,NA,NA,NA,NA,NA,NA,NA,NA,NA,NA,NA,NA,NA,NA,NA,NA,NA,NA,NA,NA,NA,NA,NA,NA,NA,NA,NA,NA,NA,NA,NA,NA,NA,NA,NA,NA,NA,NA,NA,NA,NA,NA
5,2016,plos one,Desta,High Gastrointestinal Colonization Rate with Extended-Spectrum beta-Lactamase-Producing Enterobacteriaceae in Hospitalized Patients: Emergence of Carbapenemase-Producing K. pneumoniae in Ethiopia,Ethopia,NA,Addis ababa,cross_sec_survey,2012,2012,inpatient > 48hr,IP,adults,35 years,14-75,stool,chromagar,vitek,vitek,154,70,65,11,NA,Yes,"higher maximum bed capacity per room 
and increasing number of patients admitted in single room",higher maximum bed capacity per room ,,,,,,,,,,,,,,,,,,,,,,,,,,,,,,,,,,,,,,,,,,,,,,,,,,,,,,,,,,,,,
5,2016,plos one,Desta,High Gastrointestinal Colonization Rate with Extended-Spectrum beta-Lactamase-Producing Enterobacteriaceae in Hospitalized Patients: Emergence of Carbapenemase-Producing K. pneumoniae in Ethiopia,Ethopia,NA,Addis ababa,cross_sec_survey,2012,2012,inpatient > 48hr,IP,children,7 years,1month - 12y,stool,chromagar,vitek,vitek,94,55,39,21,NA,SEE ABOVE,SEE ABOVE,SEE ABOVE,,,,,,,,,,,,,,,,,,,,,,,,,,,,,,,,,,,,,,,,,,,,,,,,,,,,,,,,,,,,,
5,2016,plos one,Desta,High Gastrointestinal Colonization Rate with Extended-Spectrum beta-Lactamase-Producing Enterobacteriaceae in Hospitalized Patients: Emergence of Carbapenemase-Producing K. pneumoniae in Ethiopia,Ethopia,NA,Addis ababa,cross_sec_survey,2012,2012,inpatient > 48hr,IP,neonates,9 days,< 28d,stool,chromagar,vitek,vitek,19,14,2,13,NA,SEE ABOVE,SEE ABOVE,SEE ABOVE,NA,NA,NA,NA,NA,NA,NA,NA,NA,NA,NA,NA,NA,NA,NA,NA,NA,NA,NA,NA,NA,NA,NA,NA,NA,NA,NA,NA,NA,NA,NA,NA,NA,NA,NA,NA,NA,NA,NA,NA,NA,NA,NA,NA,NA,NA,NA,NA,NA,NA,NA,NA,NA,NA,NA,NA,NA,NA,NA,NA,NA
6,2016,J Infect Dev Ctries,Djuikoue,"Intestinal carriage of Extended Spectrum Beta-Lactamase producing E. coli in women with urinary tract infections, Cameroon",Cameroon,NA,Yaounde,cross_sec_survey,2011,2012,suspected UTI,OP,adults,NA,NA,stool,drigalski with cephalospoin,MALDI-TOF,double_disc,86,57,57,NA,NA,Yes,"age, pregnancy, abx last 3m, hospital last 3m",Presence of antimicrobial activity in the stool sample,NA,NA,NA,NA,NA,NA,57,NA,NA,NA,NA,NA,NA,NA,NA,NA,NA,NA,NA,NA,57,NA,NA,NA,NA,NA,NA,NA,NA,NA,NA,NA,NA,NA,NA,NA,NA,NA,NA,NA,NA,NA,NA,NA,NA,NA,NA,NA,NA,NA,NA,NA,NA,NA,NA,NA,NA,NA,NA,NA,NA
7,2016,Clin Microbiol Infect,Farra,"High rate of faecal carriage of extended-spectrum beta-lactamase-producing Enterobacteriaceae in healthy children in Bangui, Central African Republic",Central african republic,NA,Bangui,cross_sec_survey,2013,2013,"diarrhoeal study controls:
healthy age- and sex-matched children without diarrhoea and antibiotic use during the previous 7 days",community,children,10.5 months,< 60 months,stool,chromagar,NA,double_disc,134,79,51,20,10,Yes,"age, sex, SES, nutritional status, toilets, urban/rural, hh members, meals",high SES,NA,NA,NA,NA,NA,NA,83,1,NA,NA,NA,NA,NA,NA,81,NA,NA,NA,NA,1,NA,NA,NA,NA,NA,NA,NA,NA,NA,NA,NA,NA,NA,NA,NA,NA,NA,NA,NA,NA,NA,NA,NA,NA,NA,NA,NA,NA,NA,NA,NA,NA,NA,NA,NA,NA,NA,NA,NA,NA,NA
8,2018,Antimicrob Resist Infect Control,Founou,Extended spectrum beta-lactamase mediated resistance in carriage and clinical gram-negative ESKAPE bacteria: a comparative study between a district and tertiary hospital in South Africa,South Africa,uMgungundlovu,NA,cohort,2017,2017,hospital_admission,on_hospital_admission,adults,NA,> 18 years,rectal_swab,mackonkey with cephalosporin,API,combination_disc,43,16,NA,NA,NA,No,NA,NA,NA,NA,NA,NA,NA,NA,NA,NA,NA,NA,NA,NA,NA,NA,NA,NA,NA,NA,NA,NA,NA,NA,NA,NA,NA,NA,NA,NA,NA,NA,NA,NA,NA,NA,NA,NA,NA,NA,NA,NA,NA,NA,NA,NA,NA,NA,NA,NA,NA,NA,NA,NA,NA,NA,NA,NA,NA,NA,NA,NA,NA
9,2018,plos one,Herindrainy,Acquisition of extended spectrum beta- lactamase-producing enterobacteriaceae in neonates: A community based cohort in Madagascar,Madagascar,multiple,NA,cross_sec_survey,2015,2016,pregnant women,OP,adults,26 years,NA,stool_or_rectal_swab,chromagar,MALDI-TOF,double_disk,275,54,28,6,3,No,NA,NA,NA,NA,NA,NA,NA,NA,NA,NA,NA,NA,NA,NA,NA,NA,NA,NA,NA,NA,NA,NA,NA,NA,NA,NA,NA,NA,NA,NA,NA,NA,NA,NA,NA,NA,NA,NA,NA,NA,NA,NA,NA,NA,NA,NA,NA,NA,NA,NA,NA,NA,NA,NA,NA,NA,NA,NA,NA,NA,NA,NA,NA
10,2011,plos one,Herindrainy,Rectal carriage of extended-spectrum beta-lactamase-producing gram-negative bacilli in community settings in Madagascar,Madagascar,NA,Antananarivo,cross_sec_survey,2009,2009,health centre attendees,OP,adults,NA,> 14 years,stool,drigalski with cephalospoin,API,double_disc,306,33,NA,NA,NA,Yes,"SES, no. of rooms occupied, ",occupation head of hh,,,,,,,,,,,,,,,,,,,,,,,,,,,,,,,,,,,,,,,,,,,,,,,,,,,,,,,,,,,,,
10,2011,plos one,Herindrainy,Rectal carriage of extended-spectrum beta-lactamase-producing gram-negative bacilli in community settings in Madagascar,Madagascar,NA,Antananarivo,cross_sec_survey,2009,2009,health centre attendees,OP,children,NA,<= 14 years,stool,drigalski with cephalospoin,API,double_disc,147,16,NA,NA,NA,SEE ABOVE,SEE ABOVE,SEE ABOVE,NA,NA,NA,NA,NA,NA,NA,NA,NA,NA,NA,NA,NA,NA,NA,NA,NA,NA,NA,NA,NA,NA,NA,NA,NA,NA,NA,NA,NA,NA,NA,NA,NA,NA,NA,NA,NA,NA,NA,NA,NA,NA,NA,NA,NA,NA,NA,NA,NA,NA,NA,NA,NA,NA,NA,NA,NA,NA,NA,NA,NA
11,2012,plos one,Isendahl,Fecal carriage of ESBL-producing E. coli and K. pneumoniae in children in Guinea-Bissau: a hospital-based cross-sectional study,Guinae-Bissau,NA,Bissau,cross_sec_survey,2010,2010,children attending hospital with fever or tachycardia,on_hospital_admission,children,NA,< 5 years,rectal swab,chromagar,vitek,vitek,408,133,83,91,NA,Yes,"age, gender, weight, miac, breastfeeding, bedsharing, children in hh, abx, hospitalisation",bedsharing,NA,NA,NA,NA,NA,NA,NA,NA,NA,NA,NA,NA,NA,NA,NA,NA,NA,NA,NA,NA,NA,NA,NA,NA,NA,NA,NA,NA,NA,NA,NA,NA,NA,NA,NA,NA,NA,NA,NA,NA,NA,NA,NA,NA,NA,NA,NA,NA,NA,NA,NA,NA,NA,NA,NA,NA,NA,NA,NA,NA,NA
12,2018,Microbial Drug Resistance,Katakweba,"First Report on a Randomized Investigation of Antimicrobial Resistance in Fecal Indicator Bacteria from Livestock, Poultry, and Humans in Tanzania",Tanzania,multiple,NA,cross_sec_survey,2011,2013,community_members,community,adults,NA,NA,stool,mackonkey with cephalosporin,MALDI-TOF,double_disk,70,22,22,NA,NA,No,NA,NA,NA,NA,NA,NA,NA,NA,NA,NA,NA,NA,NA,NA,NA,NA,NA,NA,NA,NA,NA,NA,NA,NA,NA,NA,NA,NA,NA,NA,NA,NA,NA,NA,NA,NA,NA,NA,NA,NA,NA,NA,NA,NA,NA,NA,NA,NA,NA,NA,NA,NA,NA,NA,NA,NA,NA,NA,NA,NA,NA,NA,NA
13,2016,Trop Med Int Health,Kurz,Intense pre-admission carriage and further acquisition of ESBL-producing Enterobacteriaceae among patients and their caregivers in a tertiary hospital in Rwanda,Rwanda,includes hosp acq,Butare,cohort,2014,2014,patients within 48h of admission and one main caregiver,on_hospital_admission,both,29,Any,rectal_swab,chromagar,API,combination_disc,753,330,187,108,NA,Yes,"caregiver status, gender , residence, ward, referral, other healtcare 3m, abx 3m, education, SES, water source, food, time to HC","colonised caregiver, antibiotics within the 
preceding 3 months, eggs among the mostly consumed food items",NA,NA,NA,NA,NA,NA,NA,NA,NA,NA,NA,NA,NA,NA,NA,NA,NA,NA,NA,NA,NA,NA,NA,NA,NA,NA,NA,NA,NA,NA,NA,NA,NA,NA,NA,NA,NA,NA,NA,NA,NA,NA,NA,NA,NA,NA,NA,NA,NA,NA,NA,NA,NA,NA,NA,NA,NA,NA,NA,NA,NA
14,2013,Eur J Clin Microbiol Infect Dis,Lonchel,Extended-spectrum beta-lactamase-producing Enterobacteriaceae in Cameroonian hospitals,Cameroon,NA,multiple,cross_sec_survey,2009,2009,hospitalised,IP,adults,46.8 years (mean),NA,stool,mackonkey or drigalski and cephalosporin,MALDI-TOF,double_disc,121,67,34,28,9,Yes,"gender, age, hospital, diagnosi, 3m abx, hospitalisation,",hospitalisation during the previous year,NA,NA,NA,NA,NA,NA,34,NA,NA,NA,NA,NA,NA,NA,34,NA,NA,NA,NA,NA,NA,NA,NA,NA,NA,NA,NA,30,NA,NA,15,NA,NA,NA,NA,28,NA,NA,NA,NA,26,NA,NA,22,NA,NA,NA,19,NA,NA,NA,NA,NA,NA,NA,NA,NA,NA,NA,NA,pcr
15,2012,BMC Infectious Diseases,Lonchel,"Proportion of extended-spectrum ÃŸ-lactamase-producing Enterobacteriaceae in community setting in Ngaoundere, Cameroon",Cameroon,NA,Ngaoundere,cross_sec_survey,2009,2009,students,community,adults,24.7 years (mean),NA,stool,mackonkey or drigalski and cephalosporin,MALDI-TOF,double_disc,150,10,9,1,NA,No,NA,NA,NA,NA,NA,NA,NA,NA,9,NA,NA,NA,NA,NA,NA,NA,9,NA,NA,NA,NA,NA,NA,NA,NA,NA,NA,NA,NA,2,NA,NA,1,NA,NA,NA,NA,1,NA,NA,NA,NA,1,NA,NA,1,NA,NA,NA,1,NA,NA,NA,NA,NA,NA,NA,NA,NA,NA,NA,NA,pcr
15,2012,BMC Infectious Diseases,Lonchel,"Proportion of extended-spectrum ÃŸ-lactamase-producing Enterobacteriaceae in community setting in Ngaoundere, Cameroon",Cameroon,NA,Ngaoundere,cross_sec_survey,2009,2009,OP,OP,adults,36.9 years(mean),NA,stool,mackonkey or drigalski and cephalosporin,MALDI-TOF,double_disc,208,48,32,2,14,SEE ABOVE,SEE ABOVE,SEE ABOVE,NA,NA,NA,NA,NA,NA,32,NA,NA,NA,NA,NA,NA,NA,31,NA,NA,NA,NA,NA,NA,NA,NA,NA,NA,NA,1,3,NA,NA,2,NA,NA,NA,NA,2,NA,NA,NA,NA,2,NA,NA,1,NA,NA,NA,1,NA,NA,NA,NA,NA,NA,NA,NA,NA,NA,NA,NA,NA
16,2013,Clin Microbiol Infect,Magoue,"Prevalence and spread of extended-spectrum beta-lactamase-producing Enterobacteriaceae in Ngaoundere, Cameroon",Cameroon,NA,Ngaoundere,cross_sec_survey,2010,2010,hospital_workers_and_their_families,hospital_workers,adults,NA,NA,stool,mackonkey or drigalski and cephalosporin,NA,double_disc,87,39,NA,NA,NA,No,NA,NA,NA,NA,NA,NA,NA,NA,216,NA,NA,NA,NA,NA,NA,NA,214,NA,NA,NA,NA,NA,NA,NA,NA,NA,NA,NA,4,123,NA,NA,134,NA,NA,NA,NA,74,NA,NA,NA,NA,70,NA,NA,64,NA,23,NA,37,3,NA,NA,NA,NA,NA,NA,NA,NA,NA,NA,NA,pcr
16,2013,Clin Microbiol Infect,Magoue,"Prevalence and spread of extended-spectrum beta-lactamase-producing Enterobacteriaceae in Ngaoundere, Cameroon",Cameroon,NA,Ngaoundere,cross_sec_survey,2010,2010,inpatients,IP,adults,NA,NA,stool,mackonkey or drigalski and cephalosporin,NA,double_disc,208,140,NA,NA,NA,SEE ABOVE,SEE ABOVE,SEE ABOVE,NA,NA,NA,NA,NA,NA,NA,NA,NA,NA,NA,NA,NA,NA,NA,NA,NA,NA,NA,NA,NA,NA,NA,NA,NA,NA,NA,NA,NA,NA,NA,NA,NA,NA,NA,NA,NA,NA,NA,NA,NA,NA,NA,NA,NA,NA,NA,NA,NA,NA,NA,NA,NA,NA,NA,NA,NA,NA,NA,NA,NA
16,2013,Clin Microbiol Infect,Magoue,"Prevalence and spread of extended-spectrum beta-lactamase-producing Enterobacteriaceae in Ngaoundere, Cameroon",Cameroon,NA,Ngaoundere,cross_sec_survey,2010,2010,guardians of inpatients,IP guardians,adults,NA,NA,stool,mackonkey or drigalski and cephalosporin,NA,double_disc,63,36,NA,NA,NA,SEE ABOVE,SEE ABOVE,SEE ABOVE,NA,NA,NA,NA,NA,NA,NA,NA,NA,NA,NA,NA,NA,NA,NA,NA,NA,NA,NA,NA,NA,NA,NA,NA,NA,NA,NA,NA,NA,NA,NA,NA,NA,NA,NA,NA,NA,NA,NA,NA,NA,NA,NA,NA,NA,NA,NA,NA,NA,NA,NA,NA,NA,NA,NA,NA,NA,NA,NA,NA,NA
16,2013,Clin Microbiol Infect,Magoue,"Prevalence and spread of extended-spectrum beta-lactamase-producing Enterobacteriaceae in Ngaoundere, Cameroon",Cameroon,NA,Ngaoundere,cross_sec_survey,2010,2010,outpatients,OP,adults,NA,NA,stool,mackonkey or drigalski and cephalosporin,NA,double_disc,232,104,NA,NA,NA,SEE ABOVE,SEE ABOVE,SEE ABOVE,NA,NA,NA,NA,NA,NA,NA,NA,NA,NA,NA,NA,NA,NA,NA,NA,NA,NA,NA,NA,NA,NA,NA,NA,NA,NA,NA,NA,NA,NA,NA,NA,NA,NA,NA,NA,NA,NA,NA,NA,NA,NA,NA,NA,NA,NA,NA,NA,NA,NA,NA,NA,NA,NA,NA,NA,NA,NA,NA,NA,pcr
17,2017,Antimicrob Resist Infect Control,Magwenzi,"Carriage of antibiotic-resistant Enterobacteriaceae in hospitalised children in tertiary hospitals in Harare, Zimbabwe",Zimbabwe,NA,Harare,cohort,2015,2015,hospiatl admission within 24hr,on_hospital_admission,children,1.0 year,NA,stool_or_rectal_swab,chromagar and mackonkey with cephalosporin and nutrient broth with cephalosporin,API,double_disc,164,86,NA,NA,NA,No,NA,NA,NA,NA,NA,NA,NA,NA,NA,NA,NA,NA,NA,NA,NA,NA,NA,NA,NA,NA,NA,NA,NA,NA,NA,NA,NA,NA,NA,NA,NA,NA,NA,NA,NA,NA,NA,NA,NA,NA,NA,NA,NA,NA,NA,NA,NA,NA,NA,NA,NA,NA,NA,NA,NA,NA,NA,NA,NA,NA,NA,NA,NA
18,2018,Int J Med Microbiol,Marando,"Predictors of the extended-spectrum-beta lactamases producing Enterobacteriaceae neonatal sepsis at a tertiary hospital, Tanzania",Tanzania,NA,NA,cross_sec_survey,2016,2016,sepsis,IP,neonates,6 days,< 28 days,rectal_swab,mackonkey with cephalosporin,biochemical,double_disk,304,166,60,112,6,Yes,"age, sex, weight, admission where, clinical factors, abx use, PROM","study area, age, education, marital status, type house, electricity,
 type of birth attendant, toilets, water, animals, hospitalisatin, abx use",NA,NA,NA,NA,NA,NA,10,NA,NA,NA,NA,NA,NA,NA,10,NA,NA,NA,NA,NA,NA,NA,NA,NA,NA,NA,NA,7,NA,NA,9,NA,NA,NA,NA,23,NA,NA,NA,NA,23,NA,NA,17,NA,15,NA,13,NA,NA,3,NA,1,1,NA,1,NA,NA,NA,NA,WGS
19,2017,plos one,Moremi,"Faecal carriage of CTX-M extended-spectrum beta-lactamase-producing Enterobacteriaceae among street children dwelling in Mwanza city, Tanzania",Tanzania,NA,Mwanza,cross_sec_survey,2015,2015,street children,community,children,14.2 (mean),NA,stool,mackonkey and cephalosporin,biochemical,double_disk,107,34,30,6,NA,Yes,"age, education, herbs, source of income, source of food, street child type",local herb use,NA,NA,NA,NA,NA,NA,30,NA,NA,NA,NA,NA,5,NA,23,NA,NA,1,NA,NA,NA,NA,NA,NA,NA,NA,NA,19,NA,NA,NA,NA,NA,NA,NA,6,NA,NA,2,NA,4,NA,NA,6,NA,NA,NA,3,NA,NA,3,NA,NA,NA,NA,NA,NA,NA,NA,NA,PCR
20,2018,J Hosp Infect,Moremi,High carriage rate of extended-spectrum beta-lactamase-producing Enterobacteriaceae among patients admitted for surgery in Tanzanian hospitals with a low rate of endogenous surgical site infections,Tanzania,Mwanza,NA,cohort,2014,2015,hospital_admission,on_hospital_admission,adults,NA,NA,rectal_swab,mackonkey and cephalosporin,vitek,vitek,930,220,165,55,6,Yes,,older age,NA,NA,NA,NA,NA,NA,19,NA,NA,NA,1,NA,NA,NA,18,NA,NA,NA,NA,NA,NA,NA,NA,NA,NA,NA,NA,NA,NA,NA,NA,NA,NA,NA,NA,19,NA,NA,NA,NA,19,NA,NA,NA,NA,NA,NA,NA,NA,NA,NA,NA,NA,NA,NA,NA,NA,NA,NA,NA,PCR
21,2016,BMC Infect Dis,Mshana,"Predictors of blaCTX-M-15 in varieties of Escherichia coli genotypes from humans in community settings in Mwanza, Tanzania",Tanzania,NA,Mwanza,cross_sec_survey,2014,2014,communit members,community,both,10 years,NA,stool,mackonkey with cephalosporin,API,chromagar and vitek,334,55,42,2,11,Yes,"age, region, no of children in house, hx abx use, hx admission, ","older age, h of admission, hx abx use, ",NA,NA,NA,NA,NA,NA,25,NA,NA,NA,NA,NA,NA,NA,25,NA,NA,NA,NA,NA,NA,NA,NA,NA,NA,NA,NA,14,NA,NA,17,NA,NA,NA,NA,NA,NA,NA,NA,NA,NA,NA,NA,NA,NA,NA,NA,NA,NA,NA,NA,NA,NA,NA,NA,NA,NA,NA,NA,NA,NA
22,2014,BMC Res Notes,Nelson,"Evaluation of existence and transmission of extended spectrum beta lactamase producing bacteria from post-delivery women to neonates at Bugando Medical Center, Mwanza-Tanzania",Tanzania,NA,Mwanza,cohort,2013,2013,pregnant women and neonates,on_hospital_admission,neonates,0 days,following birth,rectal swab,mackonkey with cephalosporin,biochemical,double_disc,126,32,5,27,3,Yes,"gestation, bw, sex, delivery, ward, abx use,",abx use,,,,,,,,,,,,,,,,,,,,,,,,,,,,,,,,,,,,,,,,,,,,,,,,,,,,,,,,,,,,,
22,2014,BMC Res Notes,Nelson,"Evaluation of existence and transmission of extended spectrum beta lactamase producing bacteria from post-delivery women to neonates at Bugando Medical Center, Mwanza-Tanzania",Tanzania,NA,Mwanza,cross_sec_survey,2013,2013,pregnant women and neonates,on_hospital_admission,adults,26.5 (mean),NA,rectal swab,mackonkey with cephalosporin,biochemical,double_disc,113,17,6,1,13,Yes,"delivery mode, admission 30d, abx 3m, abx 30d, current abx, catheter",nothing,NA,NA,NA,NA,NA,NA,NA,NA,NA,NA,NA,NA,NA,NA,NA,NA,NA,NA,NA,NA,NA,NA,NA,NA,NA,NA,NA,NA,NA,NA,NA,NA,NA,NA,NA,NA,NA,NA,NA,NA,NA,NA,NA,NA,NA,NA,NA,NA,NA,NA,NA,NA,NA,NA,NA,NA,NA,NA,NA,NA,NA
23,2018,Med Mal Infect,Nikema Pessinaba,"Screening for extended-spectrum beta-lactamase-producing Enterobacteriaceae intestinal carriage among children aged under five in Lome, Togo",Togo,Lome,NA,cross_sec_survey,2015,2016,<5s with febrile GE,IP,children,NA,< 5 years,stool,drigalski with cephalospoin,NA,NA,81,49,35,NA,NA,Yes,"age, sex, site, drinking water source, time to analysis",drinking wter source,NA,NA,NA,NA,NA,NA,NA,NA,NA,NA,NA,NA,NA,NA,NA,NA,NA,NA,NA,NA,NA,NA,NA,NA,NA,NA,NA,NA,NA,NA,NA,NA,NA,NA,NA,NA,NA,NA,NA,NA,NA,NA,NA,NA,NA,NA,NA,NA,NA,NA,NA,NA,NA,NA,NA,NA,NA,NA,NA,NA,NA
24,2016,Journal of Antimicrobial Chemotherapy,Ribeiro,Atypical epidemiology of CTX-M-15 among Enterobacteriaceae from a high diversity of non-clinical niches in Angola,Angola,NA,multiple,cross_sec_survey,2013,2013,random sample of humans with no abx/hospital exposure last 3 m,community,adults,NA,NA,stool,chromagar,MALDI-TOF,PCR,18,4,NA,NA,NA,No,NA,NA,NA,NA,NA,NA,NA,NA,8,NA,NA,NA,NA,NA,NA,NA,8,NA,NA,NA,NA,NA,NA,NA,NA,NA,NA,NA,NA,NA,NA,NA,NA,NA,NA,NA,NA,NA,NA,NA,NA,NA,NA,NA,NA,NA,NA,NA,NA,NA,NA,NA,NA,NA,NA,NA,NA,NA,NA,NA,NA,NA,PCR
25,2009,Antimicrob Agents Chemother,Ruppe,Carriage of CTX-M-15-producing Escherichia coli isolates among children living in a remote village in Senegal,Senegal,NA,Kagnoube,cross_sec_survey,NA,NA,"village selcted for remoteness, convenience sample of children",community,children,6.9 (mean),NA,stool,drigalski and chromagar,NA,double_disc,20,2,NA,NA,NA,No,NA,NA,NA,NA,NA,NA,NA,NA,2,NA,NA,NA,NA,NA,NA,NA,2,NA,NA,NA,NA,NA,NA,NA,NA,NA,NA,NA,NA,2,NA,NA,2,NA,NA,NA,NA,NA,NA,NA,NA,NA,NA,NA,NA,NA,NA,NA,NA,NA,NA,NA,NA,NA,NA,NA,NA,NA,NA,NA,NA,NA,NA
26,2018,plos one,Sanneh,Prevalence and risk factors for faecal carriage of Extended Spectrum beta-lactamase producing Enterobacteriaceae among food handlers in lower basic schools in West Coast Region of The Gambia,The Gambia,West Coast,NA,cross_sec_survey,2015,2015,food handlers in schools,community,adults,37 years (mean),NA,stool,drigalski and cephalosporin,NA,double_disk,565,28,8,9,11,"WASH stuff, hospital  3m, procedures, guardians, abx 3m, abx from street, completing abx, diarrhoea/UTI 3m, food handling training","Lack of food handling training and knowledge of the principle of food safetyÊ, abx 3m",,NA,NA,NA,NA,NA,NA,NA,NA,NA,NA,NA,NA,NA,NA,NA,NA,NA,NA,NA,NA,NA,NA,NA,NA,NA,NA,NA,NA,NA,NA,NA,NA,NA,NA,NA,NA,NA,NA,NA,NA,NA,NA,NA,NA,NA,NA,NA,NA,NA,NA,NA,NA,NA,NA,NA,NA,NA,NA,NA,NA,NA
27,2013,J Antimicrob Chemother,Schaumburg,High burden of extended-spectrum beta-lactamase-producing Enterobacteriaceae in Gabon,Gabon,NA,Lambarene,cross_sec_survey,2010,2011,hospitalised children,IP,children,NA,NA,rectal_swab,chromagar,vitek,double_disc,200,90,30,67,11,Yes,"age, hospitalisation, residence, sex, diagnosis, abx use ","age <=5, hospitalization for 5Ð7 days,, hospitalization for ³7 days, hospital stay during the past 12 months",NA,NA,NA,NA,NA,NA,30,NA,NA,NA,NA,2,NA,NA,24,NA,NA,NA,NA,NA,NA,NA,NA,NA,NA,NA,NA,NA,NA,NA,NA,NA,2,17,NA,67,2,NA,NA,NA,58,NA,NA,57,NA,NA,NA,NA,NA,NA,NA,NA,NA,NA,NA,NA,NA,NA,47,57,pcr
28,2018,plos one,Stanley,"Multidrug resistance among Escherichia coli and Klebsiella pneumoniae carried in the gut of out-patients from pastoralist communities of Kasese district, Uganda",Uganda,Kasese,NA,cross_sec_survey,2017,2017,"participants who reared animals, 
presented with a fever and/or diarrhea but without malaria",OP,both,21.7 (mean),all ages,stool,AST,BD_phoenix,BD_phoenix,300,28,21,6,0,Yes,"afe, sex, health facility, presentation",none,NA,NA,NA,NA,NA,NA,NA,NA,NA,NA,NA,NA,NA,NA,NA,NA,NA,NA,NA,NA,NA,NA,NA,NA,NA,NA,NA,NA,NA,NA,NA,NA,NA,NA,NA,NA,NA,NA,NA,NA,NA,NA,NA,NA,NA,NA,NA,NA,NA,NA,NA,NA,NA,NA,NA,NA,NA,NA,NA,NA,NA
29,2009,Emerg Infect Dis,Tande,Extended-spectrum beta-lactamase-producing Enterobacteriaceae in a Malian orphanag,Mali,NA,Bamako,cross_sec_survey,2003,2003,staff of orphanage,institution,children,NA,NA,stool,drigalski with cephalospoin,API,double_disc,38,38,NA,NA,NA,No,NA,NA,,,,,,,,,,,,,,,,,,,,,,,,,,,,,,,,,,,,,,,,,,,,,,,,,,,,,,,,,,,,,
29,2009,Emerg Infect Dis,Tande,Extended-spectrum beta-lactamase-producing Enterobacteriaceae in a Malian orphanag,Mali,NA,Bamako,cross_sec_survey,2003,2003, occupants of orphanage,institution,adults,NA,NA,stool,drigalski with cephalospoin,API,double_disc,30,19,NA,NA,NA,Yes,direct contact with the children,,NA,NA,NA,NA,NA,NA,NA,NA,NA,NA,NA,NA,NA,NA,NA,NA,NA,NA,NA,NA,NA,NA,NA,NA,NA,NA,NA,NA,NA,NA,NA,NA,NA,NA,NA,NA,NA,NA,NA,NA,NA,NA,NA,NA,NA,NA,NA,NA,NA,NA,NA,NA,NA,NA,NA,NA,NA,NA,NA,NA,NA
30,2016,plos one,"Tellevik,","High Prevalence of Faecal Carriage of ESBL-Producing Enterobacteriaceae among Children in Dar es Salaam, Tanzania",Tanzania,NA,dar-es-salaam,cross_sec_survey,2010,2011,"<2s: healthy attending foer vaccine,  ",community,children,NA,NA,stool,chromagar,MALDI-TOF,combination disc,250,29,NA,NA,NA,Yes,"age, sex, residence, parental education, child group, nutritional status, use of abx","HIV, Kinondoni district",NA,NA,NA,NA,NA,NA,NA,NA,NA,NA,NA,NA,NA,NA,NA,NA,NA,NA,NA,NA,NA,NA,NA,NA,NA,NA,NA,NA,NA,NA,NA,NA,NA,NA,NA,NA,NA,NA,NA,NA,NA,NA,NA,NA,NA,NA,NA,NA,NA,NA,NA,NA,NA,NA,NA,NA,NA,NA,NA,NA,NA
30,2016,plos one,"Tellevik,","High Prevalence of Faecal Carriage of ESBL-Producing Enterobacteriaceae among Children in Dar es Salaam, Tanzania",Tanzania,NA,dar-es-salaam,cross_sec_survey,2010,2011,"hospitalised for diarrhoea, hospitaliased for disease other than diarrhoea",IP,children,NA,NA,stool,chromagar,MALDI-TOF,combination disc,353,178,NA,NA,NA,SEE ABOVE,SEE ABOVE,SEE ABOVE,NA,NA,NA,NA,NA,NA,NA,NA,NA,NA,NA,NA,NA,NA,NA,NA,NA,NA,NA,NA,NA,NA,NA,NA,NA,NA,NA,NA,NA,NA,NA,NA,NA,NA,NA,NA,NA,NA,NA,NA,NA,NA,NA,NA,NA,NA,NA,NA,NA,NA,NA,NA,NA,NA,NA,NA,NA,NA,NA,NA,NA
31,2017,Med Microbiol,Wilmore,Carriage of extended-spectrum beta-lactamase-producing Enterobacteriaceae in HIV-infected children in Zimbabwe,Zimbabwe,NA,Harare,cross_sec_survey,2014,2015,"HIV infected, stable on ART",OP,children,11,NA,stool,CLED and cephalosproin,API and MALDI,combination_disc,175,24,23,1,NA,Yes,"sex, age, CD4, VL, ART duration, admitted to hispital with pneumonia in last 12m, adm to hispital in at 12 m","ART<1year, admission withi pneumonia in last 12m",NA,NA,NA,NA,NA,NA,26,NA,NA,NA,NA,NA,NA,NA,NA,NA,NA,NA,NA,NA,11,NA,NA,9,NA,NA,NA,8,NA,1,5,NA,NA,NA,NA,NA,NA,NA,NA,NA,NA,NA,NA,NA,NA,NA,NA,NA,NA,NA,NA,NA,NA,NA,NA,NA,NA,NA,NA,NA,NA
32,2011,Clin Infect Dis,Woerther,"Massive increase, spread, and exchange of extended spectrum beta-lactamase-encoding genes among intestinal Enterobacteriaceae in hospitalized children with severe acute malnutrition in Niger",Niger,Maradi,NA,cohort,2007,2008,children with SAM+sever medical conition,on_hospital_admission,children,16.3 months (mean),,stool,chromagar,API,pcr,55,17,12,4,6,no,NA,NA,NA,NA,NA,NA,NA,NA,12,NA,NA,NA,NA,NA,NA,NA,12,NA,NA,NA,NA,NA,NA,NA,NA,NA,NA,NA,NA,NA,NA,NA,NA,NA,NA,NA,NA,4,NA,NA,NA,NA,2,NA,NA,NA,NA,NA,NA,NA,1,NA,NA,1,NA,NA,NA,NA,NA,NA,NA,NA,pcr